{
  "condition": "paper_only",
  "iters": 1000,
  "seed": 42,
  "per_domain": {
    "poetry": {
      "iters": 1000,
      "seed": 42,
      "mean": {
        "f1": 0.9863528972606194,
        "exact_match_rate": 0.6161897565071368
      },
      "ci95": {
        "f1": [
          0.9836493496054963,
          0.9886802335412173
        ],
        "exact_match_rate": [
          0.5885600335852225,
          0.6448572628043661
        ]
      }
    },
    "numerical": {
      "iters": 1000,
      "seed": 42,
      "mean": {
        "f1": 1.0,
        "exact_match_rate": 1.0
      },
      "ci95": {
        "f1": [
          1.0,
          1.0
        ],
        "exact_match_rate": [
          1.0,
          1.0
        ]
      }
    },
    "github_prs": {
      "iters": 1000,
      "seed": 42,
      "mean": {
        "f1": 0.44647679316162064,
        "exact_match_rate": 0.15880608793686585
      },
      "ci95": {
        "f1": [
          0.4178741791804796,
          0.47362915176000453
        ],
        "exact_match_rate": [
          0.133032694475761,
          0.18376550169109357
        ]
      }
    }
  },
  "overall": {
    "iters": 1000,
    "seed": 42,
    "mean": {
      "f1": 0.9604959386068667,
      "exact_match_rate": 0.6331089078706529
    },
    "ci95": {
      "f1": [
        0.9556982089737738,
        0.964970840968565
      ],
      "exact_match_rate": [
        0.6140939597315436,
        0.6510067114093959
      ]
    }
  }
}
