{
  "condition": "paper_only",
  "iters": 1000,
  "seed": 42,
  "per_domain": {
    "poetry": {
      "iters": 1000,
      "seed": 42,
      "mean": {
        "f1": 0.9819521863878253,
        "exact_match_rate": 0.4042
      },
      "ci95": {
        "f1": [
          0.9680604595685521,
          0.9924286103860688
        ],
        "exact_match_rate": [
          0.2,
          0.6
        ]
      }
    },
    "numerical": {
      "iters": 1000,
      "seed": 42,
      "mean": {
        "f1": 0.964222478108614,
        "exact_match_rate": 0.6975
      },
      "ci95": {
        "f1": [
          0.9356157900749033,
          0.9891716160086953
        ],
        "exact_match_rate": [
          0.5,
          0.9
        ]
      }
    },
    "github_prs": {
      "iters": 1000,
      "seed": 42,
      "mean": {
        "f1": 0.09593268064181039,
        "exact_match_rate": 0.0
      },
      "ci95": {
        "f1": [
          0.02379568106312292,
          0.17733026467203672
        ],
        "exact_match_rate": [
          0.0,
          0.0
        ]
      }
    }
  },
  "overall": {
    "iters": 1000,
    "seed": 42,
    "mean": {
      "f1": 0.9444492104358004,
      "exact_match_rate": 0.36696666666666666
    },
    "ci95": {
      "f1": [
        0.9132910583568479,
        0.966360050871074
      ],
      "exact_match_rate": [
        0.25,
        0.48333333333333334
      ]
    }
  }
}
