{
  "condition": "ct_only",
  "iters": 1000,
  "seed": 42,
  "per_domain": {
    "poetry": {
      "iters": 1000,
      "seed": 42,
      "mean": {
        "f1": 0.9861843247360274,
        "exact_match_rate": 0.5742141057934509
      },
      "ci95": {
        "f1": [
          0.9847010214494032,
          0.9876432582726541
        ],
        "exact_match_rate": [
          0.5474181360201511,
          0.6020151133501259
        ]
      }
    },
    "numerical": {
      "iters": 1000,
      "seed": 42,
      "mean": {
        "f1": 1.0,
        "exact_match_rate": 1.0
      },
      "ci95": {
        "f1": [
          1.0,
          1.0
        ],
        "exact_match_rate": [
          1.0,
          1.0
        ]
      }
    },
    "github_prs": {
      "iters": 1000,
      "seed": 42,
      "mean": {
        "f1": 0.23330929233097986,
        "exact_match_rate": 0.1466967305524239
      },
      "ci95": {
        "f1": [
          0.21507533628078926,
          0.25163825073428975
        ],
        "exact_match_rate": [
          0.12175873731679819,
          0.1713641488162345
        ]
      }
    }
  },
  "overall": {
    "iters": 1000,
    "seed": 42,
    "mean": {
      "f1": 0.9157088706666436,
      "exact_match_rate": 0.6140835875533862
    },
    "ci95": {
      "f1": [
        0.9071754609385783,
        0.9236978030841332
      ],
      "exact_match_rate": [
        0.5957824893227579,
        0.6314826113483831
      ]
    }
  }
}
