{
  "condition": "ct_only",
  "iters": 1000,
  "seed": 42,
  "per_domain": {
    "poetry": {
      "iters": 1000,
      "seed": 42,
      "mean": {
        "f1": 0.0,
        "exact_match_rate": 0.0
      },
      "ci95": {
        "f1": [
          0.0,
          0.0
        ],
        "exact_match_rate": [
          0.0,
          0.0
        ]
      }
    },
    "numerical": {
      "iters": 1000,
      "seed": 42,
      "mean": {
        "f1": 1.0,
        "exact_match_rate": 1.0
      },
      "ci95": {
        "f1": [
          1.0,
          1.0
        ],
        "exact_match_rate": [
          1.0,
          1.0
        ]
      }
    },
    "github_prs": {
      "iters": 1000,
      "seed": 42,
      "mean": {
        "f1": 0.16014483294879364,
        "exact_match_rate": 0.08463923337091318
      },
      "ci95": {
        "f1": [
          0.14682006596756217,
          0.17380167016188505
        ],
        "exact_match_rate": [
          0.06761555806087936,
          0.10372040586245772
        ]
      }
    }
  },
  "overall": {
    "iters": 1000,
    "seed": 42,
    "mean": {
      "f1": 0.5857162966876952,
      "exact_match_rate": 0.38880414887126297
    },
    "ci95": {
      "f1": [
        0.564168804185419,
        0.606360314971263
      ],
      "exact_match_rate": [
        0.37095790115924343,
        0.40512507626601585
      ]
    }
  }
}
