{
  "condition": "ct_only",
  "iters": 1000,
  "seed": 42,
  "per_domain": {
    "poetry": {
      "iters": 1000,
      "seed": 42,
      "mean": {
        "f1": 0.9811113784148793,
        "exact_match_rate": 0.4042
      },
      "ci95": {
        "f1": [
          0.9674205294379524,
          0.9916466883474861
        ],
        "exact_match_rate": [
          0.2,
          0.6
        ]
      }
    },
    "numerical": {
      "iters": 1000,
      "seed": 42,
      "mean": {
        "f1": 0.9856424876026636,
        "exact_match_rate": 0.84725
      },
      "ci95": {
        "f1": [
          0.9661000959385994,
          1.0
        ],
        "exact_match_rate": [
          0.65,
          1.0
        ]
      }
    },
    "github_prs": {
      "iters": 1000,
      "seed": 42,
      "mean": {
        "f1": 0.0840148104921276,
        "exact_match_rate": 0.0
      },
      "ci95": {
        "f1": [
          0.05753514863339376,
          0.12074144646509935
        ],
        "exact_match_rate": [
          0.0,
          0.0
        ]
      }
    }
  },
  "overall": {
    "iters": 1000,
    "seed": 42,
    "mean": {
      "f1": 0.6855392604215981,
      "exact_match_rate": 0.41645
    },
    "ci95": {
      "f1": [
        0.5443473054385605,
        0.8168774703557312
      ],
      "exact_match_rate": [
        0.3,
        0.5333333333333333
      ]
    }
  }
}
